clipping_threshold,lg2(batch_size),learning_rate,epochs,weight_decay,Accuracy
2.138348662,11,0.343373458,298.8850409,0.013834107,
1.044315735,11,0.911608323,296.0195149,0.064837957,
1.355285076,10,0.245388218,239.0339417,0.055575107,
0.071025739,10,0.57530706,263.2689963,0.050924858,
0.864602102,10,0.17750919,132.8921306,0.022174846,