,clipping_threshold,lg2(batch_size),learning_rate,epochs,weight_decay,Accuracy,Loss
0,3.138266451,11,0.000895792,172.1586663,0.09289404,,
1,0.236280981,10,0.533471118,154.7268361,0.004062578,,
2,3.940015829,11,0.865390887,261.4265223,0.03912222,,