,clipping_threshold,lg2(batch_size),learning_rate,epochs,weight_decay,Accuracy,Loss
0,1.355285076,10,0.245388218,239.0339417,0.055575107,0.114,0.0022895831823348998
1,0.071025739,10,0.57530706,263.2689963,0.050924858,0.1,0.0023025862693786623
2,0.864602102,10,0.17750919,132.8921306,0.022174846,0.1723,0.00215296471118927
